{"cameraMode":{"drawMode":0,"name":"Shaded","section":"Shading Mode"},"sceneLighting":false,"audioPlay":false,"sceneViewState":{"showFog":true,"showMaterialUpdate":false,"showSkybox":false,"showFlares":true,"showImageEffects":true,"showParticleSystems":true},"in2DMode":false,"pivot":{"x":-1.4901161193847657e-8,"y":0.18417569994926454,"z":-0.018693387508392335},"rotation":{"x":0.004826955962926149,"y":-0.9949909448623657,"z":0.07957853376865387,"w":0.060377366840839389},"size":0.7380787134170532,"orthographic":false}