{"cameraMode":{"drawMode":0,"name":"Shaded","section":"Shading Mode"},"sceneLighting":false,"audioPlay":false,"sceneViewState":{"showFog":true,"showMaterialUpdate":false,"showSkybox":false,"showFlares":true,"showImageEffects":true,"showParticleSystems":true},"in2DMode":false,"pivot":{"x":-0.0013026148080825806,"y":0.17640575766563416,"z":0.0004114285111427307},"rotation":{"x":0.004826955962926149,"y":-0.9949909448623657,"z":0.07957853376865387,"w":0.060377366840839389},"size":0.7185437679290772,"orthographic":false}