{"cameraMode":{"drawMode":0,"name":"Shaded","section":"Shading Mode"},"sceneLighting":false,"audioPlay":false,"sceneViewState":{"showFog":true,"showMaterialUpdate":false,"showSkybox":false,"showFlares":true,"showImageEffects":true,"showParticleSystems":true},"in2DMode":false,"pivot":{"x":0.009044215083122254,"y":0.2485186755657196,"z":-0.015736281871795656},"rotation":{"x":0.004826955962926149,"y":-0.9949909448623657,"z":0.07957853376865387,"w":0.060377366840839389},"size":0.9077464938163757,"orthographic":false}