{"cameraMode":{"drawMode":0,"name":"Shaded","section":"Shading Mode"},"sceneLighting":true,"audioPlay":false,"sceneViewState":{"showFog":true,"showMaterialUpdate":false,"showSkybox":true,"showFlares":true,"showImageEffects":true,"showParticleSystems":true},"in2DMode":false,"pivot":{"x":330.85589599609377,"y":-372.22100830078127,"z":-176.63580322265626},"rotation":{"x":0.10861408710479737,"y":0.13229762017726899,"z":-0.014585787430405617,"w":0.9851341843605042},"size":1845.971435546875,"orthographic":false}