{"cameraMode":{"drawMode":0,"name":"Shaded","section":"Shading Mode"},"sceneLighting":false,"audioPlay":false,"sceneViewState":{"showFog":true,"showMaterialUpdate":false,"showSkybox":false,"showFlares":true,"showImageEffects":true,"showParticleSystems":true},"in2DMode":false,"pivot":{"x":164.82762145996095,"y":396.661865234375,"z":2.4334716796875},"rotation":{"x":0.16212858259677888,"y":0.10634257644414902,"z":-0.017580173909664155,"w":0.9808706045150757},"size":320.0549011230469,"orthographic":false}