{"cameraMode":{"drawMode":0,"name":"Shaded","section":"Shading Mode"},"sceneLighting":false,"audioPlay":false,"sceneViewState":{"showFog":true,"showMaterialUpdate":false,"showSkybox":false,"showFlares":true,"showImageEffects":true,"showParticleSystems":true},"in2DMode":false,"pivot":{"x":257.4118957519531,"y":270.91937255859377,"z":10.162551879882813},"rotation":{"x":0.056741464883089069,"y":-0.26050087809562685,"z":0.015330352820456028,"w":0.9636960029602051},"size":203.70875549316407,"orthographic":false}