{"cameraMode":{"drawMode":0,"name":"Shaded","section":"Shading Mode"},"sceneLighting":false,"audioPlay":false,"sceneViewState":{"showFog":true,"showMaterialUpdate":false,"showSkybox":false,"showFlares":true,"showImageEffects":true,"showParticleSystems":true},"in2DMode":false,"pivot":{"x":-0.6666091084480286,"y":1.3670852184295655,"z":-0.18198880553245545},"rotation":{"x":0.145991250872612,"y":0.8473458886146545,"z":-0.2987844944000244,"w":0.4140278697013855},"size":1.3378044366836548,"orthographic":false}