{"cameraMode":{"drawMode":0,"name":"Shaded","section":"Shading Mode"},"sceneLighting":true,"audioPlay":false,"sceneViewState":{"showFog":true,"showMaterialUpdate":false,"showSkybox":true,"showFlares":true,"showImageEffects":true,"showParticleSystems":true},"in2DMode":false,"pivot":{"x":-0.076171875,"y":0.794525146484375,"z":-2.376312255859375},"rotation":{"x":0.07196292281150818,"y":-0.5123234987258911,"z":0.043136660009622577,"w":0.8546847105026245},"size":3.6314010620117189,"orthographic":true}